NAME,LTP,DC,DO,DH,DL,PDC,DATE_TIME,DATE_TODAY,HOUR,MIN
BSESEN,38285.84,38214.47,38316.49,38318.11,38238.27,38214.47,2019-10-15 09:16:00,2019-10-15,9,16
HDFBAN,1212,1203.15,1210,1212,1207.8,1203.15,2019-10-15 09:16:00,2019-10-15,9,16
RELPET,131.5,130.85,129,132.4,127.9,130.85,2019-10-15 09:16:00,2019-10-15,9,16
HDFC,2023.3,2011.5,2013,2024.95,2013,2011.5,2019-10-15 09:16:00,2019-10-15,9,16
INFTEC,768.45,785.65,773.8,774.75,767.6,785.65,2019-10-15 09:16:00,2019-10-15,9,16
ICIBAN,430.5,428.6,430,430.6,428,428.6,2019-10-15 09:16:00,2019-10-15,9,16
ITC,245.95,244.2,247.4,247.4,245.1,244.2,2019-10-15 09:16:00,2019-10-15,9,16
TCS,2030,2020.95,2028.8,2031,2024.2,2020.95,2019-10-15 09:16:00,2019-10-15,9,16
KOTMAH,1593,1583.75,1586,1594.35,1586,1583.75,2019-10-15 09:16:00,2019-10-15,9,16
LARTOU,1427.35,1422.65,1427,1430.3,1425,1422.65,2019-10-15 09:16:00,2019-10-15,9,16
HINLEV,2034.9,2014.7,2052,2052,2033.45,2014.7,2019-10-15 09:16:00,2019-10-15,9,16
AXIBAN,683.05,683.55,683.65,684.7,681.8,683.55,2019-10-15 09:16:00,2019-10-15,9,16
STABAN,256.8,255.45,256.8,257,256.05,255.45,2019-10-15 09:16:00,2019-10-15,9,16
BAJFI,3906,3881.65,3909,3911.2,3880,3881.65,2019-10-15 09:16:00,2019-10-15,9,16
MARUTI,6839,6819.55,6829,6840,6810,6819.55,2019-10-15 09:16:00,2019-10-15,9,16
INDBA,1257.05,1250.5,1251.55,1261.1,1251.55,1250.5,2019-10-15 09:16:00,2019-10-15,9,16
ASIPAI,1805.45,1797.65,1797,1807,1797,1797.65,2019-10-15 09:16:00,2019-10-15,9,16
BHAAIR,389,393.5,391.95,391.95,388.3,393.5,2019-10-15 09:16:00,2019-10-15,9,16
HCLTEC,1086.15,1087.05,1088.6,1088.6,1081.05,1087.05,2019-10-15 09:16:00,2019-10-15,9,16
TITIND,1255,1249.05,1251,1256.3,1251,1249.05,2019-10-15 09:16:00,2019-10-15,9,16
MAHMAH,567.9,568.5,570,570,566.65,568.5,2019-10-15 09:16:00,2019-10-15,9,16
BAFINS,8108.95,8073.45,8108.95,8108.95,8108.95,8073.45,2019-10-15 09:16:00,2019-10-15,9,16
NTPC,117.8,117.8,117.7,118,117.35,117.8,2019-10-15 09:16:00,2019-10-15,9,16
NESIND,14117.65,14174.1,14175,14175,14113.7,14174.1,2019-10-15 09:16:00,2019-10-15,9,16
POWGRI,198.85,198.45,198.8,199.2,198.5,198.45,2019-10-15 09:16:00,2019-10-15,9,16
ULTCEM,4189.5,4171.9,4121.35,4189.5,4121.35,4171.9,2019-10-15 09:16:00,2019-10-15,9,16
TECMAH,725.85,720.6,721,725.85,721,720.6,2019-10-15 09:16:00,2019-10-15,9,16
SUNPHA,396.1,394.6,397.25,398.25,396.1,394.6,2019-10-15 09:16:00,2019-10-15,9,16
ONGC,137.1,135.2,136.6,138,136.6,135.2,2019-10-15 09:16:00,2019-10-15,9,16
BAAUTO,2965.3,2956.05,2959,2970.8,2956.5,2956.05,2019-10-15 09:16:00,2019-10-15,9,16
BHARAS,NA,5767.35,NA,NA,NA,5767.35,2019-10-15 09:16:00,2019-10-15,9,16
INDOIL,146.35,144.8,145.95,146.95,145.2,144.8,2019-10-15 09:16:00,2019-10-15,9,16
COALIN,188.9,190.1,188.3,190.6,188.3,190.1,2019-10-15 09:16:00,2019-10-15,9,16
WIPRO,245,243.35,244,245.4,244,243.35,2019-10-15 09:16:00,2019-10-15,9,16
HERHON,2621.2,2609.25,2616.85,2624,2615,2609.25,2019-10-15 09:16:00,2019-10-15,9,16
BRIIND,3135.8,3107.2,3139.9,3146,3129.35,3107.2,2019-10-15 09:16:00,2019-10-15,9,16
UNIP,583.1,586.95,585.3,585.3,580.95,586.95,2019-10-15 09:16:00,2019-10-15,9,16
DRREDD,NA,2648.9,NA,NA,NA,2648.9,2019-10-15 09:16:00,2019-10-15,9,16
ADAPOR,409.9,406.95,409.5,409.9,407.6,406.95,2019-10-15 09:16:00,2019-10-15,9,16
GRASIM,694.65,698.65,699,699,694.55,698.65,2019-10-15 09:16:00,2019-10-15,9,16
VEDLIM,146.4,147.85,147.5,147.5,146.1,147.85,2019-10-15 09:16:00,2019-10-15,9,16
HINDAL,186.9,188.8,188,188,186.85,188.8,2019-10-15 09:16:00,2019-10-15,9,16
TATSTE,342.5,344.85,345.5,346.15,342.25,344.85,2019-10-15 09:16:00,2019-10-15,9,16
EICMOT,18350,18311.25,18370,18370,18270,18311.25,2019-10-15 09:16:00,2019-10-15,9,16
GAIL,126.15,125.85,126.5,126.85,126.1,125.85,2019-10-15 09:16:00,2019-10-15,9,16
JSWSTE,220.4,221.5,221.05,221.05,219.45,221.5,2019-10-15 09:16:00,2019-10-15,9,16
BHAINF,256.25,259.25,258.25,258.25,256.25,259.25,2019-10-15 09:16:00,2019-10-15,9,16
CIPLA,437,440.85,444,444,436,440.85,2019-10-15 09:16:00,2019-10-15,9,16
TATMOT,125.85,127.8,127.5,127.5,125.85,127.8,2019-10-15 09:16:00,2019-10-15,9,16
ZEEENT,238.85,242.55,237.95,241.25,236.3,242.55,2019-10-15 09:16:00,2019-10-15,9,16
YESBAN,40.8,40,41,41.4,40.7,40,2019-10-15 09:16:00,2019-10-15,9,16
BSESEN,38329.71,38214.47,38316.49,38369.08,38238.27,38214.47,2019-10-15 09:47:41,2019-10-15,9,47
HDFBAN,1212.5,1203.15,1210,1215.35,1207.3,1203.15,2019-10-15 09:47:41,2019-10-15,9,47
RELPET,131.5,130.85,129,132.4,127.9,130.85,2019-10-15 09:47:41,2019-10-15,9,47
HDFC,2018.25,2011.5,2013,2030.05,2013,2011.5,2019-10-15 09:47:41,2019-10-15,9,47
INFTEC,771.1,785.65,773.8,774.75,765,785.65,2019-10-15 09:47:41,2019-10-15,9,47
ICIBAN,430.1,428.6,430,432,428,428.6,2019-10-15 09:47:41,2019-10-15,9,47
ITC,246.15,244.2,247.4,247.4,245.1,244.2,2019-10-15 09:47:41,2019-10-15,9,47
TCS,2039.8,2020.95,2028.8,2045,2024.2,2020.95,2019-10-15 09:47:41,2019-10-15,9,47
KOTMAH,1598.35,1583.75,1586,1599.8,1577.8,1583.75,2019-10-15 09:47:41,2019-10-15,9,47
LARTOU,1424.8,1422.65,1427,1430.3,1422.45,1422.65,2019-10-15 09:47:41,2019-10-15,9,47
HINLEV,2036.25,2014.7,2052,2052.9,2026.75,2014.7,2019-10-15 09:47:41,2019-10-15,9,47
AXIBAN,686.8,683.55,683.65,690.35,681.8,683.55,2019-10-15 09:47:41,2019-10-15,9,47
STABAN,256,255.45,256.8,257.35,255.7,255.45,2019-10-15 09:47:41,2019-10-15,9,47
BAJFI,3897.25,3881.65,3909,3916.75,3880,3881.65,2019-10-15 09:47:41,2019-10-15,9,47
MARUTI,6836.35,6819.55,6829,6850,6810,6819.55,2019-10-15 09:47:41,2019-10-15,9,47
INDBA,1239.3,1250.5,1251.55,1261.1,1237,1250.5,2019-10-15 09:47:41,2019-10-15,9,47
ASIPAI,1824.15,1797.65,1797,1824.15,1797,1797.65,2019-10-15 09:47:41,2019-10-15,9,47
BHAAIR,387.5,393.5,391.95,391.95,387.2,393.5,2019-10-15 09:47:41,2019-10-15,9,47
HCLTEC,1098.5,1087.05,1088.6,1098.8,1081.05,1087.05,2019-10-15 09:47:41,2019-10-15,9,47
TITIND,1264.25,1249.05,1251,1264.5,1251,1249.05,2019-10-15 09:47:41,2019-10-15,9,47
MAHMAH,567,568.5,570,571.45,566.65,568.5,2019-10-15 09:47:41,2019-10-15,9,47
BAFINS,8105.35,8073.45,8108.95,8131.45,8084.5,8073.45,2019-10-15 09:47:41,2019-10-15,9,47
NTPC,118.95,117.8,117.7,119.1,117.35,117.8,2019-10-15 09:47:41,2019-10-15,9,47
NESIND,14044.95,14174.1,14175,14175,14040,14174.1,2019-10-15 09:47:41,2019-10-15,9,47
POWGRI,199.9,198.45,198.8,200,198.45,198.45,2019-10-15 09:47:41,2019-10-15,9,47
ULTCEM,4186.35,4171.9,4121.35,4207.65,4121.35,4171.9,2019-10-15 09:47:41,2019-10-15,9,47
TECMAH,723.9,720.6,721,728,721,720.6,2019-10-15 09:47:41,2019-10-15,9,47
SUNPHA,396.65,394.6,397.25,400,395.25,394.6,2019-10-15 09:47:41,2019-10-15,9,47
ONGC,135.85,135.2,136.6,138,135.7,135.2,2019-10-15 09:47:41,2019-10-15,9,47
BAAUTO,2966.2,2956.05,2959,2977.2,2956.5,2956.05,2019-10-15 09:47:41,2019-10-15,9,47
BHARAS,NA,5767.35,NA,NA,NA,5767.35,2019-10-15 09:47:41,2019-10-15,9,47
INDOIL,148,144.8,145.95,148.3,145.2,144.8,2019-10-15 09:47:41,2019-10-15,9,47
COALIN,189.8,190.1,188.3,190.6,188.1,190.1,2019-10-15 09:47:41,2019-10-15,9,47
WIPRO,242,243.35,244,245.5,241,243.35,2019-10-15 09:47:41,2019-10-15,9,47
HERHON,2639,2609.25,2616.85,2645.5,2615,2609.25,2019-10-15 09:47:41,2019-10-15,9,47
BRIIND,3128,3107.2,3139.9,3154.2,3115.45,3107.2,2019-10-15 09:47:41,2019-10-15,9,47
UNIP,584.85,586.95,585.3,587.15,580.95,586.95,2019-10-15 09:47:41,2019-10-15,9,47
DRREDD,2668.05,2648.9,2663.1,2677.85,2659.8,2648.9,2019-10-15 09:47:41,2019-10-15,9,47
ADAPOR,410.25,406.95,409.5,411.7,407.6,406.95,2019-10-15 09:47:41,2019-10-15,9,47
GRASIM,697,698.65,699,699.6,691.95,698.65,2019-10-15 09:47:41,2019-10-15,9,47
VEDLIM,146.15,147.85,147.5,147.5,145.6,147.85,2019-10-15 09:47:41,2019-10-15,9,47
HINDAL,187.4,188.8,188,188,186.4,188.8,2019-10-15 09:47:41,2019-10-15,9,47
TATSTE,341.65,344.85,345.5,346.15,340.5,344.85,2019-10-15 09:47:41,2019-10-15,9,47
EICMOT,18565,18311.25,18370,18603,18270,18311.25,2019-10-15 09:47:41,2019-10-15,9,47
GAIL,126.1,125.85,126.5,126.85,125.9,125.85,2019-10-15 09:47:41,2019-10-15,9,47
JSWSTE,215.8,221.5,221.05,221.05,215.8,221.5,2019-10-15 09:47:41,2019-10-15,9,47
BHAINF,257.05,259.25,258.25,258.25,255.45,259.25,2019-10-15 09:47:41,2019-10-15,9,47
CIPLA,440.6,440.85,444,444.5,436,440.85,2019-10-15 09:47:41,2019-10-15,9,47
TATMOT,125.1,127.8,127.5,127.5,125,127.8,2019-10-15 09:47:41,2019-10-15,9,47
ZEEENT,241,242.55,237.95,241.25,234.85,242.55,2019-10-15 09:47:41,2019-10-15,9,47
YESBAN,40.35,40,41,41.4,40.05,40,2019-10-15 09:47:41,2019-10-15,9,47
BSESEN,38409.67,38214.47,38316.49,38443.34,38238.27,38214.47,2019-10-15 10:19:09,2019-10-15,10,19
HDFBAN,1216.15,1203.15,1210,1217.7,1207.3,1203.15,2019-10-15 10:19:09,2019-10-15,10,19
RELPET,131.5,130.85,129,132.4,127.9,130.85,2019-10-15 10:19:09,2019-10-15,10,19
HDFC,2020,2011.5,2013,2030.05,2013,2011.5,2019-10-15 10:19:09,2019-10-15,10,19
INFTEC,770,785.65,773.8,774.75,765,785.65,2019-10-15 10:19:09,2019-10-15,10,19
ICIBAN,432.35,428.6,430,433.2,428,428.6,2019-10-15 10:19:09,2019-10-15,10,19
ITC,247.3,244.2,247.4,247.5,245.1,244.2,2019-10-15 10:19:09,2019-10-15,10,19
TCS,2037.7,2020.95,2028.8,2046.9,2024.2,2020.95,2019-10-15 10:19:09,2019-10-15,10,19
KOTMAH,1603,1583.75,1586,1609.5,1577.8,1583.75,2019-10-15 10:19:09,2019-10-15,10,19
LARTOU,1433.2,1422.65,1427,1435.4,1421,1422.65,2019-10-15 10:19:09,2019-10-15,10,19
HINLEV,2040.05,2014.7,2052,2052.9,2026.75,2014.7,2019-10-15 10:19:09,2019-10-15,10,19
AXIBAN,688,683.55,683.65,690.35,681.8,683.55,2019-10-15 10:19:09,2019-10-15,10,19
STABAN,256.45,255.45,256.8,257.35,255.65,255.45,2019-10-15 10:19:09,2019-10-15,10,19
BAJFI,3888.9,3881.65,3909,3916.75,3880,3881.65,2019-10-15 10:19:09,2019-10-15,10,19
MARUTI,6856.45,6819.55,6829,6873.9,6810,6819.55,2019-10-15 10:19:09,2019-10-15,10,19
INDBA,1254.85,1250.5,1251.55,1262.4,1237,1250.5,2019-10-15 10:19:09,2019-10-15,10,19
ASIPAI,1821,1797.65,1797,1824.15,1797,1797.65,2019-10-15 10:19:09,2019-10-15,10,19
BHAAIR,388.25,393.5,391.95,391.95,387.2,393.5,2019-10-15 10:19:09,2019-10-15,10,19
HCLTEC,1092.45,1087.05,1088.6,1099,1081.05,1087.05,2019-10-15 10:19:09,2019-10-15,10,19
TITIND,1263.45,1249.05,1251,1265,1251,1249.05,2019-10-15 10:19:09,2019-10-15,10,19
MAHMAH,571,568.5,570,572.1,565.5,568.5,2019-10-15 10:19:09,2019-10-15,10,19
BAFINS,8110.45,8073.45,8108.95,8131.45,8084.5,8073.45,2019-10-15 10:19:09,2019-10-15,10,19
NTPC,119.05,117.8,117.7,119.7,117.35,117.8,2019-10-15 10:19:09,2019-10-15,10,19
NESIND,14065,14174.1,14175,14175,14040,14174.1,2019-10-15 10:19:09,2019-10-15,10,19
POWGRI,200.65,198.45,198.8,200.8,198.45,198.45,2019-10-15 10:19:09,2019-10-15,10,19
ULTCEM,4185,4171.9,4121.35,4207.65,4121.35,4171.9,2019-10-15 10:19:09,2019-10-15,10,19
TECMAH,724.2,720.6,721,728,721,720.6,2019-10-15 10:19:09,2019-10-15,10,19
SUNPHA,396.35,394.6,397.25,400,394.9,394.6,2019-10-15 10:19:09,2019-10-15,10,19
ONGC,136,135.2,136.6,138,135.7,135.2,2019-10-15 10:19:09,2019-10-15,10,19
BAAUTO,2982,2956.05,2959,2983.9,2956.5,2956.05,2019-10-15 10:19:09,2019-10-15,10,19
BHARAS,5815,5767.35,5773.85,5827,5773.85,5767.35,2019-10-15 10:19:09,2019-10-15,10,19
INDOIL,147.85,144.8,145.95,148.3,145.2,144.8,2019-10-15 10:19:09,2019-10-15,10,19
COALIN,190.2,190.1,188.3,190.85,188.1,190.1,2019-10-15 10:19:09,2019-10-15,10,19
WIPRO,241.45,243.35,244,245.5,241,243.35,2019-10-15 10:19:09,2019-10-15,10,19
HERHON,2649,2609.25,2616.85,2650.4,2615,2609.25,2019-10-15 10:19:09,2019-10-15,10,19
BRIIND,3123.9,3107.2,3139.9,3154.2,3115.45,3107.2,2019-10-15 10:19:09,2019-10-15,10,19
UNIP,588.65,586.95,585.3,589.2,580.95,586.95,2019-10-15 10:19:09,2019-10-15,10,19
DRREDD,2672.3,2648.9,2663.1,2677.85,2659.8,2648.9,2019-10-15 10:19:09,2019-10-15,10,19
ADAPOR,410.05,406.95,409.5,411.7,407.6,406.95,2019-10-15 10:19:09,2019-10-15,10,19
GRASIM,698.75,698.65,699,699.6,691.95,698.65,2019-10-15 10:19:09,2019-10-15,10,19
VEDLIM,145.6,147.85,147.5,147.5,145.3,147.85,2019-10-15 10:19:09,2019-10-15,10,19
HINDAL,186.7,188.8,188,188,186.4,188.8,2019-10-15 10:19:09,2019-10-15,10,19
TATSTE,342,344.85,345.5,346.15,340.5,344.85,2019-10-15 10:19:09,2019-10-15,10,19
EICMOT,18755,18311.25,18370,18755,18270,18311.25,2019-10-15 10:19:09,2019-10-15,10,19
GAIL,126.3,125.85,126.5,126.85,125.85,125.85,2019-10-15 10:19:09,2019-10-15,10,19
JSWSTE,214.6,221.5,221.05,221.05,214.6,221.5,2019-10-15 10:19:09,2019-10-15,10,19
BHAINF,257.85,259.25,258.25,258.25,255.45,259.25,2019-10-15 10:19:09,2019-10-15,10,19
CIPLA,439.65,440.85,444,444.5,436,440.85,2019-10-15 10:19:09,2019-10-15,10,19
TATMOT,125.6,127.8,127.5,127.5,124.5,127.8,2019-10-15 10:19:09,2019-10-15,10,19
ZEEENT,242.65,242.55,237.95,244.35,234.85,242.55,2019-10-15 10:19:09,2019-10-15,10,19
YESBAN,40.5,40,41,41.4,40.05,40,2019-10-15 10:19:09,2019-10-15,10,19
BSESEN,38415.47,38214.47,38316.49,38443.34,38238.27,38214.47,2019-10-15 10:50:38,2019-10-15,10,50
HDFBAN,1216.45,1203.15,1210,1217.7,1207.3,1203.15,2019-10-15 10:50:38,2019-10-15,10,50
RELPET,131.5,130.85,129,132.4,127.9,130.85,2019-10-15 10:50:38,2019-10-15,10,50
HDFC,2021.45,2011.5,2013,2030.05,2013,2011.5,2019-10-15 10:50:38,2019-10-15,10,50
INFTEC,771.45,785.65,773.8,774.75,765,785.65,2019-10-15 10:50:38,2019-10-15,10,50
ICIBAN,431.15,428.6,430,433.2,428,428.6,2019-10-15 10:50:38,2019-10-15,10,50
ITC,247.15,244.2,247.4,247.55,245.1,244.2,2019-10-15 10:50:38,2019-10-15,10,50
TCS,2039,2020.95,2028.8,2046.9,2024.2,2020.95,2019-10-15 10:50:38,2019-10-15,10,50
KOTMAH,1611.35,1583.75,1586,1612.25,1577.8,1583.75,2019-10-15 10:50:38,2019-10-15,10,50
LARTOU,1442.35,1422.65,1427,1445.1,1421,1422.65,2019-10-15 10:50:38,2019-10-15,10,50
HINLEV,2045.85,2014.7,2052,2052.9,2026.75,2014.7,2019-10-15 10:50:38,2019-10-15,10,50
AXIBAN,685.1,683.55,683.65,690.35,681.8,683.55,2019-10-15 10:50:38,2019-10-15,10,50
STABAN,256.55,255.45,256.8,257.35,255.65,255.45,2019-10-15 10:50:38,2019-10-15,10,50
BAJFI,3886.15,3881.65,3909,3916.75,3880,3881.65,2019-10-15 10:50:38,2019-10-15,10,50
MARUTI,6906.1,6819.55,6829,6919,6810,6819.55,2019-10-15 10:50:38,2019-10-15,10,50
INDBA,1253.2,1250.5,1251.55,1262.4,1237,1250.5,2019-10-15 10:50:38,2019-10-15,10,50
ASIPAI,1818,1797.65,1797,1824.15,1797,1797.65,2019-10-15 10:50:38,2019-10-15,10,50
BHAAIR,385.7,393.5,391.95,391.95,385.4,393.5,2019-10-15 10:50:38,2019-10-15,10,50
HCLTEC,1089.7,1087.05,1088.6,1099,1081.05,1087.05,2019-10-15 10:50:38,2019-10-15,10,50
TITIND,1262.35,1249.05,1251,1265,1251,1249.05,2019-10-15 10:50:38,2019-10-15,10,50
MAHMAH,574.1,568.5,570,574.8,565.5,568.5,2019-10-15 10:50:38,2019-10-15,10,50
BAFINS,8100,8073.45,8108.95,8131.45,8084.5,8073.45,2019-10-15 10:50:38,2019-10-15,10,50
NTPC,118.95,117.8,117.7,119.7,117.35,117.8,2019-10-15 10:50:38,2019-10-15,10,50
NESIND,14057,14174.1,14175,14175,14040,14174.1,2019-10-15 10:50:38,2019-10-15,10,50
POWGRI,200.5,198.45,198.8,200.8,198.45,198.45,2019-10-15 10:50:38,2019-10-15,10,50
ULTCEM,4159,4171.9,4121.35,4207.65,4121.35,4171.9,2019-10-15 10:50:38,2019-10-15,10,50
TECMAH,723.5,720.6,721,728,721,720.6,2019-10-15 10:50:38,2019-10-15,10,50
SUNPHA,396,394.6,397.25,400,394.9,394.6,2019-10-15 10:50:38,2019-10-15,10,50
ONGC,136.1,135.2,136.6,138,135.4,135.2,2019-10-15 10:50:38,2019-10-15,10,50
BAAUTO,2976.2,2956.05,2959,2987,2956.5,2956.05,2019-10-15 10:50:38,2019-10-15,10,50
BHARAS,5815,5767.35,5773.85,5827,5773.85,5767.35,2019-10-15 10:50:38,2019-10-15,10,50
INDOIL,147.6,144.8,145.95,148.3,145.2,144.8,2019-10-15 10:50:38,2019-10-15,10,50
COALIN,190.7,190.1,188.3,190.85,188.1,190.1,2019-10-15 10:50:38,2019-10-15,10,50
WIPRO,240,243.35,244,245.5,239.4,243.35,2019-10-15 10:50:38,2019-10-15,10,50
HERHON,2656,2609.25,2616.85,2659,2615,2609.25,2019-10-15 10:50:38,2019-10-15,10,50
BRIIND,3124.8,3107.2,3139.9,3154.2,3115.45,3107.2,2019-10-15 10:50:38,2019-10-15,10,50
UNIP,588,586.95,585.3,590.95,580.95,586.95,2019-10-15 10:50:38,2019-10-15,10,50
DRREDD,2673.3,2648.9,2663.1,2677.85,2659.8,2648.9,2019-10-15 10:50:38,2019-10-15,10,50
ADAPOR,411.25,406.95,409.5,411.7,407.6,406.95,2019-10-15 10:50:38,2019-10-15,10,50
GRASIM,700.4,698.65,699,702.5,691.95,698.65,2019-10-15 10:50:38,2019-10-15,10,50
VEDLIM,144.95,147.85,147.5,147.5,144.6,147.85,2019-10-15 10:50:38,2019-10-15,10,50
HINDAL,186.65,188.8,188,188,186,188.8,2019-10-15 10:50:38,2019-10-15,10,50
TATSTE,340.8,344.85,345.5,346.15,339.55,344.85,2019-10-15 10:50:38,2019-10-15,10,50
EICMOT,18982.15,18311.25,18370,19030.05,18270,18311.25,2019-10-15 10:50:38,2019-10-15,10,50
GAIL,126.05,125.85,126.5,126.85,125.6,125.85,2019-10-15 10:50:38,2019-10-15,10,50
JSWSTE,215.4,221.5,221.05,221.05,214.5,221.5,2019-10-15 10:50:38,2019-10-15,10,50
BHAINF,257.75,259.25,258.25,258.3,255.45,259.25,2019-10-15 10:50:38,2019-10-15,10,50
CIPLA,440.75,440.85,444,444.5,436,440.85,2019-10-15 10:50:38,2019-10-15,10,50
TATMOT,125.35,127.8,127.5,127.5,124.5,127.8,2019-10-15 10:50:38,2019-10-15,10,50
ZEEENT,244.3,242.55,237.95,244.7,234.85,242.55,2019-10-15 10:50:38,2019-10-15,10,50
YESBAN,40.35,40,41,41.4,40.05,40,2019-10-15 10:50:38,2019-10-15,10,50
BSESEN,38443.43,38214.47,38316.49,38469.48,38238.27,38214.47,2019-10-15 11:22:02,2019-10-15,11,22
HDFBAN,1215.3,1203.15,1210,1218.5,1207.3,1203.15,2019-10-15 11:22:02,2019-10-15,11,22
RELPET,131.5,130.85,129,132.4,127.9,130.85,2019-10-15 11:22:02,2019-10-15,11,22
HDFC,2020.95,2011.5,2013,2030.05,2013,2011.5,2019-10-15 11:22:02,2019-10-15,11,22
INFTEC,771.25,785.65,773.8,774.75,765,785.65,2019-10-15 11:22:02,2019-10-15,11,22
ICIBAN,430.75,428.6,430,433.2,428,428.6,2019-10-15 11:22:02,2019-10-15,11,22
ITC,247.6,244.2,247.4,247.75,245.1,244.2,2019-10-15 11:22:02,2019-10-15,11,22
TCS,2040,2020.95,2028.8,2046.9,2024.2,2020.95,2019-10-15 11:22:02,2019-10-15,11,22
KOTMAH,1610.85,1583.75,1586,1615.8,1577.8,1583.75,2019-10-15 11:22:02,2019-10-15,11,22
LARTOU,1437.5,1422.65,1427,1445.1,1421,1422.65,2019-10-15 11:22:02,2019-10-15,11,22
HINLEV,2041,2014.7,2052,2052.9,2026.75,2014.7,2019-10-15 11:22:02,2019-10-15,11,22
AXIBAN,688,683.55,683.65,690.35,681.8,683.55,2019-10-15 11:22:02,2019-10-15,11,22
STABAN,257,255.45,256.8,257.5,255.65,255.45,2019-10-15 11:22:02,2019-10-15,11,22
BAJFI,3891.4,3881.65,3909,3916.75,3871.2,3881.65,2019-10-15 11:22:02,2019-10-15,11,22
MARUTI,7008,6819.55,6829,7015.35,6810,6819.55,2019-10-15 11:22:02,2019-10-15,11,22
INDBA,1256.55,1250.5,1251.55,1262.4,1237,1250.5,2019-10-15 11:22:02,2019-10-15,11,22
ASIPAI,1814,1797.65,1797,1824.15,1797,1797.65,2019-10-15 11:22:02,2019-10-15,11,22
BHAAIR,385.55,393.5,391.95,391.95,384.5,393.5,2019-10-15 11:22:02,2019-10-15,11,22
HCLTEC,1090.2,1087.05,1088.6,1099,1081.05,1087.05,2019-10-15 11:22:02,2019-10-15,11,22
TITIND,1261.95,1249.05,1251,1265,1251,1249.05,2019-10-15 11:22:02,2019-10-15,11,22
MAHMAH,577.25,568.5,570,577.85,565.5,568.5,2019-10-15 11:22:02,2019-10-15,11,22
BAFINS,8079,8073.45,8108.95,8131.45,8070,8073.45,2019-10-15 11:22:02,2019-10-15,11,22
NTPC,119.05,117.8,117.7,119.7,117.35,117.8,2019-10-15 11:22:02,2019-10-15,11,22
NESIND,14052.35,14174.1,14175,14175,14040,14174.1,2019-10-15 11:22:02,2019-10-15,11,22
POWGRI,200.65,198.45,198.8,200.8,198.45,198.45,2019-10-15 11:22:02,2019-10-15,11,22
ULTCEM,4180.05,4171.9,4121.35,4207.65,4121.35,4171.9,2019-10-15 11:22:02,2019-10-15,11,22
TECMAH,720,720.6,721,728,720,720.6,2019-10-15 11:22:02,2019-10-15,11,22
SUNPHA,396.55,394.6,397.25,400,394.9,394.6,2019-10-15 11:22:02,2019-10-15,11,22
ONGC,136.65,135.2,136.6,138,135.4,135.2,2019-10-15 11:22:02,2019-10-15,11,22
BAAUTO,2997.95,2956.05,2959,3002,2956.5,2956.05,2019-10-15 11:22:02,2019-10-15,11,22
BHARAS,5815,5767.35,5773.85,5827,5773.85,5767.35,2019-10-15 11:22:02,2019-10-15,11,22
INDOIL,147.1,144.8,145.95,148.3,145.2,144.8,2019-10-15 11:22:02,2019-10-15,11,22
COALIN,190.35,190.1,188.3,190.85,188.1,190.1,2019-10-15 11:22:02,2019-10-15,11,22
WIPRO,239.65,243.35,244,245.5,239.2,243.35,2019-10-15 11:22:02,2019-10-15,11,22
HERHON,2687.95,2609.25,2616.85,2694,2615,2609.25,2019-10-15 11:22:02,2019-10-15,11,22
BRIIND,3128,3107.2,3139.9,3154.2,3115.45,3107.2,2019-10-15 11:22:02,2019-10-15,11,22
UNIP,588.25,586.95,585.3,590.95,580.95,586.95,2019-10-15 11:22:02,2019-10-15,11,22
DRREDD,2685,2648.9,2663.1,2685.5,2659.8,2648.9,2019-10-15 11:22:02,2019-10-15,11,22
ADAPOR,411.45,406.95,409.5,411.85,407.6,406.95,2019-10-15 11:22:02,2019-10-15,11,22
GRASIM,701.9,698.65,699,704,691.95,698.65,2019-10-15 11:22:02,2019-10-15,11,22
VEDLIM,146.15,147.85,147.5,147.5,144.6,147.85,2019-10-15 11:22:02,2019-10-15,11,22
HINDAL,187.55,188.8,188,188,186,188.8,2019-10-15 11:22:02,2019-10-15,11,22
TATSTE,342,344.85,345.5,346.15,339.55,344.85,2019-10-15 11:22:02,2019-10-15,11,22
EICMOT,19186.6,18311.25,18370,19200,18270,18311.25,2019-10-15 11:22:02,2019-10-15,11,22
GAIL,126.2,125.85,126.5,126.85,125.6,125.85,2019-10-15 11:22:02,2019-10-15,11,22
JSWSTE,216.1,221.5,221.05,221.05,214.5,221.5,2019-10-15 11:22:02,2019-10-15,11,22
BHAINF,257.1,259.25,258.25,258.3,255.45,259.25,2019-10-15 11:22:02,2019-10-15,11,22
CIPLA,443,440.85,444,444.5,436,440.85,2019-10-15 11:22:02,2019-10-15,11,22
TATMOT,126.15,127.8,127.5,127.5,124.5,127.8,2019-10-15 11:22:02,2019-10-15,11,22
ZEEENT,247,242.55,237.95,247.25,234.85,242.55,2019-10-15 11:22:02,2019-10-15,11,22
YESBAN,40.6,40,41,41.4,40.05,40,2019-10-15 11:22:02,2019-10-15,11,22
BSESEN,38465.15,38214.47,38316.49,38500.59,38238.27,38214.47,2019-10-15 11:53:28,2019-10-15,11,53
HDFBAN,1216.35,1203.15,1210,1218.5,1207.3,1203.15,2019-10-15 11:53:28,2019-10-15,11,53
RELPET,131.5,130.85,129,132.4,127.9,130.85,2019-10-15 11:53:28,2019-10-15,11,53
HDFC,2024.2,2011.5,2013,2030.05,2013,2011.5,2019-10-15 11:53:28,2019-10-15,11,53
INFTEC,771.5,785.65,773.8,774.75,765,785.65,2019-10-15 11:53:28,2019-10-15,11,53
ICIBAN,431.15,428.6,430,433.2,428,428.6,2019-10-15 11:53:28,2019-10-15,11,53
ITC,247.75,244.2,247.4,247.95,245.1,244.2,2019-10-15 11:53:28,2019-10-15,11,53
TCS,2041.25,2020.95,2028.8,2046.9,2024.2,2020.95,2019-10-15 11:53:28,2019-10-15,11,53
KOTMAH,1609.3,1583.75,1586,1615.8,1577.8,1583.75,2019-10-15 11:53:28,2019-10-15,11,53
LARTOU,1435.3,1422.65,1427,1445.1,1421,1422.65,2019-10-15 11:53:28,2019-10-15,11,53
HINLEV,2053,2014.7,2052,2056.95,2026.75,2014.7,2019-10-15 11:53:28,2019-10-15,11,53
AXIBAN,687.35,683.55,683.65,690.35,681.8,683.55,2019-10-15 11:53:28,2019-10-15,11,53
STABAN,256.6,255.45,256.8,257.5,255.65,255.45,2019-10-15 11:53:28,2019-10-15,11,53
BAJFI,3877.85,3881.65,3909,3916.75,3871.2,3881.65,2019-10-15 11:53:28,2019-10-15,11,53
MARUTI,7000.6,6819.55,6829,7015.35,6810,6819.55,2019-10-15 11:53:28,2019-10-15,11,53
INDBA,1256,1250.5,1251.55,1262.4,1237,1250.5,2019-10-15 11:53:28,2019-10-15,11,53
ASIPAI,1813,1797.65,1797,1824.15,1797,1797.65,2019-10-15 11:53:28,2019-10-15,11,53
BHAAIR,386.2,393.5,391.95,391.95,383.7,393.5,2019-10-15 11:53:28,2019-10-15,11,53
HCLTEC,1090.2,1087.05,1088.6,1099,1081.05,1087.05,2019-10-15 11:53:28,2019-10-15,11,53
TITIND,1260.3,1249.05,1251,1265,1251,1249.05,2019-10-15 11:53:28,2019-10-15,11,53
MAHMAH,579.25,568.5,570,580.25,565.5,568.5,2019-10-15 11:53:28,2019-10-15,11,53
BAFINS,8058.6,8073.45,8108.95,8131.45,8050,8073.45,2019-10-15 11:53:28,2019-10-15,11,53
NTPC,119.15,117.8,117.7,119.7,117.35,117.8,2019-10-15 11:53:28,2019-10-15,11,53
NESIND,14064.5,14174.1,14175,14175,14040,14174.1,2019-10-15 11:53:28,2019-10-15,11,53
POWGRI,200.85,198.45,198.8,201.4,198.45,198.45,2019-10-15 11:53:28,2019-10-15,11,53
ULTCEM,4171.65,4171.9,4121.35,4207.65,4121.35,4171.9,2019-10-15 11:53:28,2019-10-15,11,53
TECMAH,721.8,720.6,721,728,719.95,720.6,2019-10-15 11:53:28,2019-10-15,11,53
SUNPHA,395.45,394.6,397.25,400,394.9,394.6,2019-10-15 11:53:28,2019-10-15,11,53
ONGC,136.8,135.2,136.6,138,135.4,135.2,2019-10-15 11:53:28,2019-10-15,11,53
BAAUTO,2998,2956.05,2959,3010.95,2956.5,2956.05,2019-10-15 11:53:28,2019-10-15,11,53
BHARAS,5815,5767.35,5773.85,5827,5773.85,5767.35,2019-10-15 11:53:28,2019-10-15,11,53
INDOIL,146.55,144.8,145.95,148.3,145.2,144.8,2019-10-15 11:53:28,2019-10-15,11,53
COALIN,190.45,190.1,188.3,191.3,188.1,190.1,2019-10-15 11:53:28,2019-10-15,11,53
WIPRO,240.2,243.35,244,245.5,239.2,243.35,2019-10-15 11:53:28,2019-10-15,11,53
HERHON,2685,2609.25,2616.85,2696.3,2615,2609.25,2019-10-15 11:53:28,2019-10-15,11,53
BRIIND,3131.55,3107.2,3139.9,3154.2,3115.45,3107.2,2019-10-15 11:53:28,2019-10-15,11,53
UNIP,589,586.95,585.3,590.95,580.95,586.95,2019-10-15 11:53:28,2019-10-15,11,53
DRREDD,2686.95,2648.9,2663.1,2687,2659.8,2648.9,2019-10-15 11:53:28,2019-10-15,11,53
ADAPOR,412.3,406.95,409.5,413.1,407.6,406.95,2019-10-15 11:53:28,2019-10-15,11,53
GRASIM,701.25,698.65,699,704,691.95,698.65,2019-10-15 11:53:28,2019-10-15,11,53
VEDLIM,145.75,147.85,147.5,147.5,144.6,147.85,2019-10-15 11:53:28,2019-10-15,11,53
HINDAL,187.25,188.8,188,188,186,188.8,2019-10-15 11:53:28,2019-10-15,11,53
TATSTE,339.35,344.85,345.5,346.15,338.8,344.85,2019-10-15 11:53:28,2019-10-15,11,53
EICMOT,19077.05,18311.25,18370,19200,18270,18311.25,2019-10-15 11:53:28,2019-10-15,11,53
GAIL,126.1,125.85,126.5,126.85,125.6,125.85,2019-10-15 11:53:28,2019-10-15,11,53
JSWSTE,215.25,221.5,221.05,221.05,214.5,221.5,2019-10-15 11:53:28,2019-10-15,11,53
BHAINF,257.8,259.25,258.25,258.65,255.45,259.25,2019-10-15 11:53:28,2019-10-15,11,53
CIPLA,441.95,440.85,444,444.5,436,440.85,2019-10-15 11:53:28,2019-10-15,11,53
TATMOT,125.05,127.8,127.5,127.5,124.5,127.8,2019-10-15 11:53:28,2019-10-15,11,53
ZEEENT,249.4,242.55,237.95,251.8,234.85,242.55,2019-10-15 11:53:28,2019-10-15,11,53
YESBAN,40.25,40,41,41.4,40.05,40,2019-10-15 11:53:28,2019-10-15,11,53
BSESEN,38507.6,38214.47,38316.49,38537.92,38238.27,38214.47,2019-10-15 12:24:59,2019-10-15,12,24
HDFBAN,1217.85,1203.15,1210,1219,1207.3,1203.15,2019-10-15 12:24:59,2019-10-15,12,24
RELPET,131.5,130.85,129,132.4,127.9,130.85,2019-10-15 12:24:59,2019-10-15,12,24
HDFC,2027.3,2011.5,2013,2030.05,2013,2011.5,2019-10-15 12:24:59,2019-10-15,12,24
INFTEC,771.3,785.65,773.8,774.75,765,785.65,2019-10-15 12:24:59,2019-10-15,12,24
ICIBAN,431.5,428.6,430,433.2,428,428.6,2019-10-15 12:24:59,2019-10-15,12,24
ITC,248.95,244.2,247.4,249.15,245.1,244.2,2019-10-15 12:24:59,2019-10-15,12,24
TCS,2040.7,2020.95,2028.8,2046.9,2024.2,2020.95,2019-10-15 12:24:59,2019-10-15,12,24
KOTMAH,1613.2,1583.75,1586,1615.8,1577.8,1583.75,2019-10-15 12:24:59,2019-10-15,12,24
LARTOU,1436.15,1422.65,1427,1445.1,1421,1422.65,2019-10-15 12:24:59,2019-10-15,12,24
HINLEV,2062.6,2014.7,2052,2065,2026.75,2014.7,2019-10-15 12:24:59,2019-10-15,12,24
AXIBAN,688.6,683.55,683.65,690.35,681.8,683.55,2019-10-15 12:24:59,2019-10-15,12,24
STABAN,256.9,255.45,256.8,257.5,255.65,255.45,2019-10-15 12:24:59,2019-10-15,12,24
BAJFI,3873.4,3881.65,3909,3916.75,3871.2,3881.65,2019-10-15 12:24:59,2019-10-15,12,24
MARUTI,6991.7,6819.55,6829,7015.35,6810,6819.55,2019-10-15 12:24:59,2019-10-15,12,24
INDBA,1259.2,1250.5,1251.55,1264.5,1237,1250.5,2019-10-15 12:24:59,2019-10-15,12,24
ASIPAI,1814,1797.65,1797,1824.15,1797,1797.65,2019-10-15 12:24:59,2019-10-15,12,24
BHAAIR,384.4,393.5,391.95,391.95,383.7,393.5,2019-10-15 12:24:59,2019-10-15,12,24
HCLTEC,1092.05,1087.05,1088.6,1099,1081.05,1087.05,2019-10-15 12:24:59,2019-10-15,12,24
TITIND,1264.95,1249.05,1251,1267.35,1251,1249.05,2019-10-15 12:24:59,2019-10-15,12,24
MAHMAH,581.5,568.5,570,582.6,565.5,568.5,2019-10-15 12:24:59,2019-10-15,12,24
BAFINS,8055,8073.45,8108.95,8131.45,8040,8073.45,2019-10-15 12:24:59,2019-10-15,12,24
NTPC,119,117.8,117.7,119.7,117.35,117.8,2019-10-15 12:24:59,2019-10-15,12,24
NESIND,14065.75,14174.1,14175,14175,14040,14174.1,2019-10-15 12:24:59,2019-10-15,12,24
POWGRI,200.65,198.45,198.8,201.4,198.45,198.45,2019-10-15 12:24:59,2019-10-15,12,24
ULTCEM,4199.4,4171.9,4121.35,4207.65,4121.35,4171.9,2019-10-15 12:24:59,2019-10-15,12,24
TECMAH,721.5,720.6,721,728,719.95,720.6,2019-10-15 12:24:59,2019-10-15,12,24
SUNPHA,394.6,394.6,397.25,400,394.3,394.6,2019-10-15 12:24:59,2019-10-15,12,24
ONGC,137.75,135.2,136.6,138.3,135.4,135.2,2019-10-15 12:24:59,2019-10-15,12,24
BAAUTO,2996.25,2956.05,2959,3010.95,2956.5,2956.05,2019-10-15 12:24:59,2019-10-15,12,24
BHARAS,5786.55,5767.35,5773.85,5827,5773.85,5767.35,2019-10-15 12:24:59,2019-10-15,12,24
INDOIL,146.85,144.8,145.95,148.3,145.2,144.8,2019-10-15 12:24:59,2019-10-15,12,24
COALIN,190.5,190.1,188.3,191.3,188.1,190.1,2019-10-15 12:24:59,2019-10-15,12,24
WIPRO,242.25,243.35,244,245.5,239.2,243.35,2019-10-15 12:24:59,2019-10-15,12,24
HERHON,2676.85,2609.25,2616.85,2696.3,2615,2609.25,2019-10-15 12:24:59,2019-10-15,12,24
BRIIND,3149.8,3107.2,3139.9,3154.2,3115.45,3107.2,2019-10-15 12:24:59,2019-10-15,12,24
UNIP,589.3,586.95,585.3,590.95,580.95,586.95,2019-10-15 12:24:59,2019-10-15,12,24
DRREDD,2687.8,2648.9,2663.1,2688,2659.8,2648.9,2019-10-15 12:24:59,2019-10-15,12,24
ADAPOR,412.65,406.95,409.5,413.1,407.6,406.95,2019-10-15 12:24:59,2019-10-15,12,24
GRASIM,700.05,698.65,699,704,691.95,698.65,2019-10-15 12:24:59,2019-10-15,12,24
VEDLIM,146.4,147.85,147.5,147.5,144.6,147.85,2019-10-15 12:24:59,2019-10-15,12,24
HINDAL,187.35,188.8,188,188,186,188.8,2019-10-15 12:24:59,2019-10-15,12,24
TATSTE,340.55,344.85,345.5,346.15,338.8,344.85,2019-10-15 12:24:59,2019-10-15,12,24
EICMOT,19058.4,18311.25,18370,19200,18270,18311.25,2019-10-15 12:24:59,2019-10-15,12,24
GAIL,126.8,125.85,126.5,127.1,125.6,125.85,2019-10-15 12:24:59,2019-10-15,12,24
JSWSTE,215.75,221.5,221.05,221.05,214.5,221.5,2019-10-15 12:24:59,2019-10-15,12,24
BHAINF,260.15,259.25,258.25,260.25,255.45,259.25,2019-10-15 12:24:59,2019-10-15,12,24
CIPLA,443,440.85,444,444.8,436,440.85,2019-10-15 12:24:59,2019-10-15,12,24
TATMOT,124.65,127.8,127.5,127.5,124.45,127.8,2019-10-15 12:24:59,2019-10-15,12,24
ZEEENT,248.3,242.55,237.95,252,234.85,242.55,2019-10-15 12:24:59,2019-10-15,12,24
YESBAN,40.45,40,41,41.4,40.05,40,2019-10-15 12:24:59,2019-10-15,12,24
BSESEN,38445.19,38214.47,38316.49,38537.92,38238.27,38214.47,2019-10-15 12:56:21,2019-10-15,12,56
HDFBAN,1216.45,1203.15,1210,1219,1207.3,1203.15,2019-10-15 12:56:21,2019-10-15,12,56
RELPET,131.5,130.85,129,132.4,127.9,130.85,2019-10-15 12:56:21,2019-10-15,12,56
HDFC,2022.3,2011.5,2013,2030.05,2013,2011.5,2019-10-15 12:56:21,2019-10-15,12,56
INFTEC,769.95,785.65,773.8,774.75,765,785.65,2019-10-15 12:56:21,2019-10-15,12,56
ICIBAN,430,428.6,430,433.2,428,428.6,2019-10-15 12:56:21,2019-10-15,12,56
ITC,248.3,244.2,247.4,249.2,245.1,244.2,2019-10-15 12:56:21,2019-10-15,12,56
TCS,2040.05,2020.95,2028.8,2046.9,2024.2,2020.95,2019-10-15 12:56:21,2019-10-15,12,56
KOTMAH,1612.75,1583.75,1586,1615.8,1577.8,1583.75,2019-10-15 12:56:21,2019-10-15,12,56
LARTOU,1431.85,1422.65,1427,1445.1,1421,1422.65,2019-10-15 12:56:21,2019-10-15,12,56
HINLEV,2057.85,2014.7,2052,2070,2026.75,2014.7,2019-10-15 12:56:21,2019-10-15,12,56
AXIBAN,685.5,683.55,683.65,690.35,681.8,683.55,2019-10-15 12:56:21,2019-10-15,12,56
STABAN,256,255.45,256.8,257.5,255.15,255.45,2019-10-15 12:56:21,2019-10-15,12,56
BAJFI,3862.05,3881.65,3909,3916.75,3857.8,3881.65,2019-10-15 12:56:21,2019-10-15,12,56
MARUTI,6987.75,6819.55,6829,7015.35,6810,6819.55,2019-10-15 12:56:21,2019-10-15,12,56
INDBA,1252.1,1250.5,1251.55,1264.5,1237,1250.5,2019-10-15 12:56:21,2019-10-15,12,56
ASIPAI,1814,1797.65,1797,1824.15,1797,1797.65,2019-10-15 12:56:21,2019-10-15,12,56
BHAAIR,384.7,393.5,391.95,391.95,383.6,393.5,2019-10-15 12:56:21,2019-10-15,12,56
HCLTEC,1096,1087.05,1088.6,1099,1081.05,1087.05,2019-10-15 12:56:21,2019-10-15,12,56
TITIND,1265.7,1249.05,1251,1267.35,1251,1249.05,2019-10-15 12:56:21,2019-10-15,12,56
MAHMAH,582.85,568.5,570,583.7,565.5,568.5,2019-10-15 12:56:21,2019-10-15,12,56
BAFINS,8049,8073.45,8108.95,8131.45,8034.85,8073.45,2019-10-15 12:56:21,2019-10-15,12,56
NTPC,119,117.8,117.7,119.7,117.35,117.8,2019-10-15 12:56:21,2019-10-15,12,56
NESIND,14110,14174.1,14175,14175,14040,14174.1,2019-10-15 12:56:21,2019-10-15,12,56
POWGRI,200.45,198.45,198.8,201.4,198.45,198.45,2019-10-15 12:56:21,2019-10-15,12,56
ULTCEM,4187.8,4171.9,4121.35,4207.65,4121.35,4171.9,2019-10-15 12:56:21,2019-10-15,12,56
TECMAH,721.4,720.6,721,728,719.6,720.6,2019-10-15 12:56:21,2019-10-15,12,56
SUNPHA,395.5,394.6,397.25,400,392.5,394.6,2019-10-15 12:56:21,2019-10-15,12,56
ONGC,137.5,135.2,136.6,138.3,135.4,135.2,2019-10-15 12:56:21,2019-10-15,12,56
BAAUTO,3004.9,2956.05,2959,3010.95,2956.5,2956.05,2019-10-15 12:56:21,2019-10-15,12,56
BHARAS,5795,5767.35,5773.85,5827,5773.85,5767.35,2019-10-15 12:56:21,2019-10-15,12,56
INDOIL,146.7,144.8,145.95,148.3,145.2,144.8,2019-10-15 12:56:21,2019-10-15,12,56
COALIN,191,190.1,188.3,191.3,188.1,190.1,2019-10-15 12:56:21,2019-10-15,12,56
WIPRO,241.85,243.35,244,245.5,239.2,243.35,2019-10-15 12:56:21,2019-10-15,12,56
HERHON,2682.55,2609.25,2616.85,2696.3,2615,2609.25,2019-10-15 12:56:21,2019-10-15,12,56
BRIIND,3140.5,3107.2,3139.9,3154.2,3115.45,3107.2,2019-10-15 12:56:21,2019-10-15,12,56
UNIP,587.9,586.95,585.3,590.95,580.95,586.95,2019-10-15 12:56:21,2019-10-15,12,56
DRREDD,2689,2648.9,2663.1,2691.2,2659.8,2648.9,2019-10-15 12:56:21,2019-10-15,12,56
ADAPOR,412.35,406.95,409.5,413.1,407.6,406.95,2019-10-15 12:56:21,2019-10-15,12,56
GRASIM,701.35,698.65,699,704,691.95,698.65,2019-10-15 12:56:21,2019-10-15,12,56
VEDLIM,146.5,147.85,147.5,147.5,144.6,147.85,2019-10-15 12:56:21,2019-10-15,12,56
HINDAL,187.6,188.8,188,188,186,188.8,2019-10-15 12:56:21,2019-10-15,12,56
TATSTE,340.5,344.85,345.5,346.15,338.8,344.85,2019-10-15 12:56:21,2019-10-15,12,56
EICMOT,19059.35,18311.25,18370,19200,18270,18311.25,2019-10-15 12:56:21,2019-10-15,12,56
GAIL,127.9,125.85,126.5,128.6,125.6,125.85,2019-10-15 12:56:21,2019-10-15,12,56
JSWSTE,216,221.5,221.05,221.05,214.5,221.5,2019-10-15 12:56:21,2019-10-15,12,56
BHAINF,260.1,259.25,258.25,260.3,255.45,259.25,2019-10-15 12:56:21,2019-10-15,12,56
CIPLA,444.8,440.85,444,445,436,440.85,2019-10-15 12:56:21,2019-10-15,12,56
TATMOT,124.85,127.8,127.5,127.5,123.75,127.8,2019-10-15 12:56:21,2019-10-15,12,56
ZEEENT,249.8,242.55,237.95,252,234.85,242.55,2019-10-15 12:56:21,2019-10-15,12,56
YESBAN,40.35,40,41,41.4,40.05,40,2019-10-15 12:56:21,2019-10-15,12,56
BSESEN,38430.96,38214.47,38316.49,38537.92,38238.27,38214.47,2019-10-15 13:27:52,2019-10-15,13,27
HDFBAN,1217.35,1203.15,1210,1219,1207.3,1203.15,2019-10-15 13:27:52,2019-10-15,13,27
RELPET,131.5,130.85,129,132.4,127.9,130.85,2019-10-15 13:27:52,2019-10-15,13,27
HDFC,2015.15,2011.5,2013,2030.05,2013,2011.5,2019-10-15 13:27:52,2019-10-15,13,27
INFTEC,771.1,785.65,773.8,774.75,765,785.65,2019-10-15 13:27:52,2019-10-15,13,27
ICIBAN,430,428.6,430,433.2,428,428.6,2019-10-15 13:27:52,2019-10-15,13,27
ITC,248.5,244.2,247.4,249.2,245.1,244.2,2019-10-15 13:27:52,2019-10-15,13,27
TCS,2040,2020.95,2028.8,2046.9,2024.2,2020.95,2019-10-15 13:27:52,2019-10-15,13,27
KOTMAH,1615.4,1583.75,1586,1616.1,1577.8,1583.75,2019-10-15 13:27:52,2019-10-15,13,27
LARTOU,1431.5,1422.65,1427,1445.1,1421,1422.65,2019-10-15 13:27:52,2019-10-15,13,27
HINLEV,2059.9,2014.7,2052,2070,2026.75,2014.7,2019-10-15 13:27:52,2019-10-15,13,27
AXIBAN,685.4,683.55,683.65,690.35,681.8,683.55,2019-10-15 13:27:52,2019-10-15,13,27
STABAN,254.8,255.45,256.8,257.5,254.75,255.45,2019-10-15 13:27:52,2019-10-15,13,27
BAJFI,3851,3881.65,3909,3916.75,3845,3881.65,2019-10-15 13:27:52,2019-10-15,13,27
MARUTI,6990,6819.55,6829,7015.35,6810,6819.55,2019-10-15 13:27:52,2019-10-15,13,27
INDBA,1251.55,1250.5,1251.55,1264.5,1237,1250.5,2019-10-15 13:27:52,2019-10-15,13,27
ASIPAI,1813.9,1797.65,1797,1824.15,1797,1797.65,2019-10-15 13:27:52,2019-10-15,13,27
BHAAIR,384.45,393.5,391.95,391.95,382.8,393.5,2019-10-15 13:27:52,2019-10-15,13,27
HCLTEC,1091.7,1087.05,1088.6,1099,1081.05,1087.05,2019-10-15 13:27:52,2019-10-15,13,27
TITIND,1265.75,1249.05,1251,1267.4,1251,1249.05,2019-10-15 13:27:52,2019-10-15,13,27
MAHMAH,583,568.5,570,585.35,565.5,568.5,2019-10-15 13:27:52,2019-10-15,13,27
BAFINS,8036.35,8073.45,8108.95,8131.45,8030,8073.45,2019-10-15 13:27:52,2019-10-15,13,27
NTPC,119.25,117.8,117.7,119.7,117.35,117.8,2019-10-15 13:27:52,2019-10-15,13,27
NESIND,14098.5,14174.1,14175,14175,14040,14174.1,2019-10-15 13:27:52,2019-10-15,13,27
POWGRI,200.2,198.45,198.8,201.4,198.45,198.45,2019-10-15 13:27:52,2019-10-15,13,27
ULTCEM,4190.55,4171.9,4121.35,4207.65,4121.35,4171.9,2019-10-15 13:27:52,2019-10-15,13,27
TECMAH,723.45,720.6,721,728,719.6,720.6,2019-10-15 13:27:52,2019-10-15,13,27
SUNPHA,395.1,394.6,397.25,400,392.5,394.6,2019-10-15 13:27:52,2019-10-15,13,27
ONGC,136.9,135.2,136.6,138.3,135.4,135.2,2019-10-15 13:27:52,2019-10-15,13,27
BAAUTO,3013.5,2956.05,2959,3015.65,2956.5,2956.05,2019-10-15 13:27:52,2019-10-15,13,27
BHARAS,5849.15,5767.35,5773.85,5850,5773.85,5767.35,2019-10-15 13:27:52,2019-10-15,13,27
INDOIL,146.5,144.8,145.95,148.3,145.2,144.8,2019-10-15 13:27:52,2019-10-15,13,27
COALIN,190.75,190.1,188.3,191.3,188.1,190.1,2019-10-15 13:27:52,2019-10-15,13,27
WIPRO,243.3,243.35,244,245.5,239.2,243.35,2019-10-15 13:27:52,2019-10-15,13,27
HERHON,2686,2609.25,2616.85,2696.3,2615,2609.25,2019-10-15 13:27:52,2019-10-15,13,27
BRIIND,3144.05,3107.2,3139.9,3154.2,3115.45,3107.2,2019-10-15 13:27:52,2019-10-15,13,27
UNIP,587.45,586.95,585.3,590.95,580.95,586.95,2019-10-15 13:27:52,2019-10-15,13,27
DRREDD,2683.35,2648.9,2663.1,2691.2,2659.8,2648.9,2019-10-15 13:27:52,2019-10-15,13,27
ADAPOR,412.25,406.95,409.5,413.1,407.6,406.95,2019-10-15 13:27:52,2019-10-15,13,27
GRASIM,702,698.65,699,704,691.95,698.65,2019-10-15 13:27:52,2019-10-15,13,27
VEDLIM,146.4,147.85,147.5,147.5,144.6,147.85,2019-10-15 13:27:52,2019-10-15,13,27
HINDAL,187.5,188.8,188,188,186,188.8,2019-10-15 13:27:52,2019-10-15,13,27
TATSTE,340.75,344.85,345.5,346.15,338.8,344.85,2019-10-15 13:27:52,2019-10-15,13,27
EICMOT,19080,18311.25,18370,19200,18270,18311.25,2019-10-15 13:27:52,2019-10-15,13,27
GAIL,128.05,125.85,126.5,128.6,125.6,125.85,2019-10-15 13:27:52,2019-10-15,13,27
JSWSTE,215.45,221.5,221.05,221.05,214.5,221.5,2019-10-15 13:27:52,2019-10-15,13,27
BHAINF,259.3,259.25,258.25,260.3,255.45,259.25,2019-10-15 13:27:52,2019-10-15,13,27
CIPLA,443.55,440.85,444,445,436,440.85,2019-10-15 13:27:52,2019-10-15,13,27
TATMOT,124.65,127.8,127.5,127.5,123.75,127.8,2019-10-15 13:27:52,2019-10-15,13,27
ZEEENT,250.35,242.55,237.95,252,234.85,242.55,2019-10-15 13:27:52,2019-10-15,13,27
YESBAN,39.45,40,41,41.4,39,40,2019-10-15 13:27:52,2019-10-15,13,27
BSESEN,38514.94,38214.47,38316.49,38553.31,38238.27,38214.47,2019-10-15 13:59:20,2019-10-15,13,59
HDFBAN,1218.85,1203.15,1210,1222.35,1207.3,1203.15,2019-10-15 13:59:20,2019-10-15,13,59
RELPET,131.5,130.85,129,132.4,127.9,130.85,2019-10-15 13:59:20,2019-10-15,13,59
HDFC,2024,2011.5,2013,2030.05,2013,2011.5,2019-10-15 13:59:20,2019-10-15,13,59
INFTEC,769.2,785.65,773.8,774.75,765,785.65,2019-10-15 13:59:20,2019-10-15,13,59
ICIBAN,431.7,428.6,430,433.2,428,428.6,2019-10-15 13:59:20,2019-10-15,13,59
ITC,248.5,244.2,247.4,249.2,245.1,244.2,2019-10-15 13:59:20,2019-10-15,13,59
TCS,2040.05,2020.95,2028.8,2046.9,2024.2,2020.95,2019-10-15 13:59:20,2019-10-15,13,59
KOTMAH,1620,1583.75,1586,1622.15,1577.8,1583.75,2019-10-15 13:59:20,2019-10-15,13,59
LARTOU,1437,1422.65,1427,1445.1,1421,1422.65,2019-10-15 13:59:20,2019-10-15,13,59
HINLEV,2070.8,2014.7,2052,2077,2026.75,2014.7,2019-10-15 13:59:20,2019-10-15,13,59
AXIBAN,687.9,683.55,683.65,690.35,681.8,683.55,2019-10-15 13:59:20,2019-10-15,13,59
STABAN,256,255.45,256.8,257.5,254.75,255.45,2019-10-15 13:59:20,2019-10-15,13,59
BAJFI,3880.25,3881.65,3909,3916.75,3845,3881.65,2019-10-15 13:59:20,2019-10-15,13,59
MARUTI,6995,6819.55,6829,7015.35,6810,6819.55,2019-10-15 13:59:20,2019-10-15,13,59
INDBA,1263.8,1250.5,1251.55,1268,1237,1250.5,2019-10-15 13:59:20,2019-10-15,13,59
ASIPAI,1810,1797.65,1797,1824.15,1797,1797.65,2019-10-15 13:59:20,2019-10-15,13,59
BHAAIR,384.4,393.5,391.95,391.95,382.8,393.5,2019-10-15 13:59:20,2019-10-15,13,59
HCLTEC,1093,1087.05,1088.6,1099,1081.05,1087.05,2019-10-15 13:59:20,2019-10-15,13,59
TITIND,1267.05,1249.05,1251,1269.6,1251,1249.05,2019-10-15 13:59:20,2019-10-15,13,59
MAHMAH,583.2,568.5,570,585.35,565.5,568.5,2019-10-15 13:59:20,2019-10-15,13,59
BAFINS,8070,8073.45,8108.95,8131.45,8020.1,8073.45,2019-10-15 13:59:20,2019-10-15,13,59
NTPC,119.4,117.8,117.7,119.7,117.35,117.8,2019-10-15 13:59:20,2019-10-15,13,59
NESIND,14127.55,14174.1,14175,14175,14040,14174.1,2019-10-15 13:59:20,2019-10-15,13,59
POWGRI,200.5,198.45,198.8,201.4,198.45,198.45,2019-10-15 13:59:20,2019-10-15,13,59
ULTCEM,4193.7,4171.9,4121.35,4207.65,4121.35,4171.9,2019-10-15 13:59:20,2019-10-15,13,59
TECMAH,723,720.6,721,728,719.6,720.6,2019-10-15 13:59:20,2019-10-15,13,59
SUNPHA,395.8,394.6,397.25,400,392.5,394.6,2019-10-15 13:59:20,2019-10-15,13,59
ONGC,137.35,135.2,136.6,138.3,135.4,135.2,2019-10-15 13:59:20,2019-10-15,13,59
BAAUTO,3020,2956.05,2959,3021.95,2956.5,2956.05,2019-10-15 13:59:20,2019-10-15,13,59
BHARAS,5953.8,5767.35,5773.85,5978.2,5773.85,5767.35,2019-10-15 13:59:20,2019-10-15,13,59
INDOIL,146.85,144.8,145.95,148.3,145.2,144.8,2019-10-15 13:59:20,2019-10-15,13,59
COALIN,191.65,190.1,188.3,192.15,188.1,190.1,2019-10-15 13:59:20,2019-10-15,13,59
WIPRO,244,243.35,244,245.5,239.2,243.35,2019-10-15 13:59:20,2019-10-15,13,59
HERHON,2696,2609.25,2616.85,2699.5,2615,2609.25,2019-10-15 13:59:20,2019-10-15,13,59
BRIIND,3167.05,3107.2,3139.9,3175,3115.45,3107.2,2019-10-15 13:59:20,2019-10-15,13,59
UNIP,584.95,586.95,585.3,590.95,580.95,586.95,2019-10-15 13:59:20,2019-10-15,13,59
DRREDD,2688,2648.9,2663.1,2691.6,2659.8,2648.9,2019-10-15 13:59:20,2019-10-15,13,59
ADAPOR,413.45,406.95,409.5,413.75,407.6,406.95,2019-10-15 13:59:20,2019-10-15,13,59
GRASIM,702.8,698.65,699,704,691.95,698.65,2019-10-15 13:59:20,2019-10-15,13,59
VEDLIM,146.85,147.85,147.5,147.5,144.6,147.85,2019-10-15 13:59:20,2019-10-15,13,59
HINDAL,187.45,188.8,188,188,186,188.8,2019-10-15 13:59:20,2019-10-15,13,59
TATSTE,339.75,344.85,345.5,346.15,338.8,344.85,2019-10-15 13:59:20,2019-10-15,13,59
EICMOT,19059.05,18311.25,18370,19200,18270,18311.25,2019-10-15 13:59:20,2019-10-15,13,59
GAIL,128.95,125.85,126.5,129.05,125.6,125.85,2019-10-15 13:59:20,2019-10-15,13,59
JSWSTE,215.45,221.5,221.05,221.05,214.5,221.5,2019-10-15 13:59:20,2019-10-15,13,59
BHAINF,258.75,259.25,258.25,260.3,255.45,259.25,2019-10-15 13:59:20,2019-10-15,13,59
CIPLA,443.9,440.85,444,445.45,436,440.85,2019-10-15 13:59:20,2019-10-15,13,59
TATMOT,124.85,127.8,127.5,127.5,123.75,127.8,2019-10-15 13:59:20,2019-10-15,13,59
ZEEENT,251.45,242.55,237.95,252.8,234.85,242.55,2019-10-15 13:59:20,2019-10-15,13,59
YESBAN,40.15,40,41,41.4,39,40,2019-10-15 13:59:20,2019-10-15,13,59
BSESEN,38620.87,38214.47,38316.49,38630.43,38238.27,38214.47,2019-10-15 14:30:46,2019-10-15,14,30
HDFBAN,1224,1203.15,1210,1225,1207.3,1203.15,2019-10-15 14:30:46,2019-10-15,14,30
RELPET,131.5,130.85,129,132.4,127.9,130.85,2019-10-15 14:30:46,2019-10-15,14,30
HDFC,2021.05,2011.5,2013,2030.05,2013,2011.5,2019-10-15 14:30:46,2019-10-15,14,30
INFTEC,769,785.65,773.8,774.75,765,785.65,2019-10-15 14:30:46,2019-10-15,14,30
ICIBAN,435.15,428.6,430,435.3,428,428.6,2019-10-15 14:30:46,2019-10-15,14,30
ITC,248.6,244.2,247.4,249.2,245.1,244.2,2019-10-15 14:30:46,2019-10-15,14,30
TCS,2040.2,2020.95,2028.8,2046.9,2024.2,2020.95,2019-10-15 14:30:46,2019-10-15,14,30
KOTMAH,1628.05,1583.75,1586,1629.65,1577.8,1583.75,2019-10-15 14:30:46,2019-10-15,14,30
LARTOU,1435.8,1422.65,1427,1445.1,1421,1422.65,2019-10-15 14:30:46,2019-10-15,14,30
HINLEV,2067,2014.7,2052,2077,2026.75,2014.7,2019-10-15 14:30:46,2019-10-15,14,30
AXIBAN,694.5,683.55,683.65,694.9,681.8,683.55,2019-10-15 14:30:46,2019-10-15,14,30
STABAN,259.55,255.45,256.8,259.9,254.75,255.45,2019-10-15 14:30:46,2019-10-15,14,30
BAJFI,3897.7,3881.65,3909,3916.75,3845,3881.65,2019-10-15 14:30:46,2019-10-15,14,30
MARUTI,6996.8,6819.55,6829,7015.35,6810,6819.55,2019-10-15 14:30:46,2019-10-15,14,30
INDBA,1272.35,1250.5,1251.55,1275.8,1237,1250.5,2019-10-15 14:30:46,2019-10-15,14,30
ASIPAI,1807,1797.65,1797,1824.15,1797,1797.65,2019-10-15 14:30:46,2019-10-15,14,30
BHAAIR,383.1,393.5,391.95,391.95,381.65,393.5,2019-10-15 14:30:46,2019-10-15,14,30
HCLTEC,1087.95,1087.05,1088.6,1099,1081.05,1087.05,2019-10-15 14:30:46,2019-10-15,14,30
TITIND,1271,1249.05,1251,1272.5,1251,1249.05,2019-10-15 14:30:46,2019-10-15,14,30
MAHMAH,583.25,568.5,570,586.5,565.5,568.5,2019-10-15 14:30:46,2019-10-15,14,30
BAFINS,8073,8073.45,8108.95,8131.45,8020.1,8073.45,2019-10-15 14:30:46,2019-10-15,14,30
NTPC,119.45,117.8,117.7,119.7,117.35,117.8,2019-10-15 14:30:46,2019-10-15,14,30
NESIND,14132.6,14174.1,14175,14198,14040,14174.1,2019-10-15 14:30:46,2019-10-15,14,30
POWGRI,201,198.45,198.8,201.4,198.45,198.45,2019-10-15 14:30:46,2019-10-15,14,30
ULTCEM,4216.6,4171.9,4121.35,4219.25,4121.35,4171.9,2019-10-15 14:30:46,2019-10-15,14,30
TECMAH,722.45,720.6,721,728,719.6,720.6,2019-10-15 14:30:46,2019-10-15,14,30
SUNPHA,396.5,394.6,397.25,400,392.5,394.6,2019-10-15 14:30:46,2019-10-15,14,30
ONGC,137.65,135.2,136.6,138.3,135.4,135.2,2019-10-15 14:30:46,2019-10-15,14,30
BAAUTO,3024.15,2956.05,2959,3029,2956.5,2956.05,2019-10-15 14:30:46,2019-10-15,14,30
BHARAS,5976.95,5767.35,5773.85,5978.2,5773.85,5767.35,2019-10-15 14:30:46,2019-10-15,14,30
INDOIL,146.75,144.8,145.95,148.3,145.2,144.8,2019-10-15 14:30:46,2019-10-15,14,30
COALIN,192.5,190.1,188.3,192.5,188.1,190.1,2019-10-15 14:30:46,2019-10-15,14,30
WIPRO,243.6,243.35,244,245.5,239.2,243.35,2019-10-15 14:30:46,2019-10-15,14,30
HERHON,2688.9,2609.25,2616.85,2699.5,2615,2609.25,2019-10-15 14:30:46,2019-10-15,14,30
BRIIND,3172.3,3107.2,3139.9,3175,3115.45,3107.2,2019-10-15 14:30:46,2019-10-15,14,30
UNIP,584.8,586.95,585.3,590.95,580.95,586.95,2019-10-15 14:30:46,2019-10-15,14,30
DRREDD,2688.65,2648.9,2663.1,2692,2659.8,2648.9,2019-10-15 14:30:46,2019-10-15,14,30
ADAPOR,414.4,406.95,409.5,414.4,407.6,406.95,2019-10-15 14:30:46,2019-10-15,14,30
GRASIM,705.8,698.65,699,705.9,691.95,698.65,2019-10-15 14:30:46,2019-10-15,14,30
VEDLIM,153.3,147.85,147.5,153.9,144.6,147.85,2019-10-15 14:30:46,2019-10-15,14,30
HINDAL,195.2,188.8,188,195.3,186,188.8,2019-10-15 14:30:46,2019-10-15,14,30
TATSTE,357.8,344.85,345.5,358.15,338.8,344.85,2019-10-15 14:30:46,2019-10-15,14,30
EICMOT,19085.6,18311.25,18370,19200,18270,18311.25,2019-10-15 14:30:46,2019-10-15,14,30
GAIL,128.65,125.85,126.5,129.05,125.6,125.85,2019-10-15 14:30:46,2019-10-15,14,30
JSWSTE,226.25,221.5,221.05,226.9,214.5,221.5,2019-10-15 14:30:46,2019-10-15,14,30
BHAINF,258.8,259.25,258.25,260.3,255.45,259.25,2019-10-15 14:30:46,2019-10-15,14,30
CIPLA,444.7,440.85,444,445.45,436,440.85,2019-10-15 14:30:46,2019-10-15,14,30
TATMOT,128.5,127.8,127.5,128.95,123.75,127.8,2019-10-15 14:30:46,2019-10-15,14,30
ZEEENT,251.7,242.55,237.95,252.8,234.85,242.55,2019-10-15 14:30:46,2019-10-15,14,30
YESBAN,40.45,40,41,41.4,39,40,2019-10-15 14:30:46,2019-10-15,14,30
BSESEN,38505.37,38214.47,38316.49,38635.19,38238.27,38214.47,2019-10-15 15:02:16,2019-10-15,15,2
HDFBAN,1221.7,1203.15,1210,1225,1207.3,1203.15,2019-10-15 15:02:16,2019-10-15,15,2
RELPET,131.5,130.85,129,132.4,127.9,130.85,2019-10-15 15:02:16,2019-10-15,15,2
HDFC,2013,2011.5,2013,2030.05,1994.85,2011.5,2019-10-15 15:02:16,2019-10-15,15,2
INFTEC,767.5,785.65,773.8,774.75,765,785.65,2019-10-15 15:02:16,2019-10-15,15,2
ICIBAN,432.2,428.6,430,435.3,428,428.6,2019-10-15 15:02:16,2019-10-15,15,2
ITC,248.1,244.2,247.4,249.2,245.1,244.2,2019-10-15 15:02:16,2019-10-15,15,2
TCS,2039,2020.95,2028.8,2046.9,2024.2,2020.95,2019-10-15 15:02:16,2019-10-15,15,2
KOTMAH,1614.5,1583.75,1586,1629.65,1577.8,1583.75,2019-10-15 15:02:16,2019-10-15,15,2
LARTOU,1430.1,1422.65,1427,1445.1,1421,1422.65,2019-10-15 15:02:16,2019-10-15,15,2
HINLEV,2063.8,2014.7,2052,2077,2026.75,2014.7,2019-10-15 15:02:16,2019-10-15,15,2
AXIBAN,689.5,683.55,683.65,694.9,681.8,683.55,2019-10-15 15:02:16,2019-10-15,15,2
STABAN,257.65,255.45,256.8,259.9,254.75,255.45,2019-10-15 15:02:16,2019-10-15,15,2
BAJFI,3875.55,3881.65,3909,3916.75,3845,3881.65,2019-10-15 15:02:16,2019-10-15,15,2
MARUTI,6975.3,6819.55,6829,7015.35,6810,6819.55,2019-10-15 15:02:16,2019-10-15,15,2
INDBA,1268.45,1250.5,1251.55,1275.8,1237,1250.5,2019-10-15 15:02:16,2019-10-15,15,2
ASIPAI,1801,1797.65,1797,1824.15,1797,1797.65,2019-10-15 15:02:16,2019-10-15,15,2
BHAAIR,384.1,393.5,391.95,391.95,381.65,393.5,2019-10-15 15:02:16,2019-10-15,15,2
HCLTEC,1081.5,1087.05,1088.6,1099,1081.05,1087.05,2019-10-15 15:02:16,2019-10-15,15,2
TITIND,1270,1249.05,1251,1272.5,1251,1249.05,2019-10-15 15:02:16,2019-10-15,15,2
MAHMAH,585.6,568.5,570,586.5,565.5,568.5,2019-10-15 15:02:16,2019-10-15,15,2
BAFINS,8021.35,8073.45,8108.95,8131.45,8020.1,8073.45,2019-10-15 15:02:16,2019-10-15,15,2
NTPC,119.5,117.8,117.7,119.7,117.35,117.8,2019-10-15 15:02:16,2019-10-15,15,2
NESIND,14087.3,14174.1,14175,14198,13711.6,14174.1,2019-10-15 15:02:16,2019-10-15,15,2
POWGRI,201.1,198.45,198.8,201.4,198.45,198.45,2019-10-15 15:02:16,2019-10-15,15,2
ULTCEM,4197.85,4171.9,4121.35,4219.25,4121.35,4171.9,2019-10-15 15:02:16,2019-10-15,15,2
TECMAH,721,720.6,721,728,719.5,720.6,2019-10-15 15:02:16,2019-10-15,15,2
SUNPHA,396.65,394.6,397.25,400,392.5,394.6,2019-10-15 15:02:16,2019-10-15,15,2
ONGC,138.05,135.2,136.6,138.3,135.4,135.2,2019-10-15 15:02:16,2019-10-15,15,2
BAAUTO,3004.8,2956.05,2959,3029,2956.5,2956.05,2019-10-15 15:02:16,2019-10-15,15,2
BHARAS,6084.65,5767.35,5773.85,6100,5773.85,5767.35,2019-10-15 15:02:16,2019-10-15,15,2
INDOIL,146.1,144.8,145.95,148.3,145.2,144.8,2019-10-15 15:02:16,2019-10-15,15,2
COALIN,191.1,190.1,188.3,192.6,188.1,190.1,2019-10-15 15:02:16,2019-10-15,15,2
WIPRO,244,243.35,244,245.5,239.2,243.35,2019-10-15 15:02:16,2019-10-15,15,2
HERHON,2678.2,2609.25,2616.85,2699.5,2615,2609.25,2019-10-15 15:02:16,2019-10-15,15,2
BRIIND,3172,3107.2,3139.9,3175,3115.45,3107.2,2019-10-15 15:02:16,2019-10-15,15,2
UNIP,582.9,586.95,585.3,590.95,580.2,586.95,2019-10-15 15:02:16,2019-10-15,15,2
DRREDD,2682.5,2648.9,2663.1,2695.8,2659.8,2648.9,2019-10-15 15:02:16,2019-10-15,15,2
ADAPOR,414.05,406.95,409.5,414.4,407.6,406.95,2019-10-15 15:02:16,2019-10-15,15,2
GRASIM,701.2,698.65,699,705.9,691.95,698.65,2019-10-15 15:02:16,2019-10-15,15,2
VEDLIM,153.25,147.85,147.5,155.8,144.6,147.85,2019-10-15 15:02:16,2019-10-15,15,2
HINDAL,193,188.8,188,195.35,186,188.8,2019-10-15 15:02:16,2019-10-15,15,2
TATSTE,349,344.85,345.5,358.25,338.8,344.85,2019-10-15 15:02:16,2019-10-15,15,2
EICMOT,19175.4,18311.25,18370,19200,18270,18311.25,2019-10-15 15:02:16,2019-10-15,15,2
GAIL,128.25,125.85,126.5,129.05,125.6,125.85,2019-10-15 15:02:16,2019-10-15,15,2
JSWSTE,220.15,221.5,221.05,226.9,214.5,221.5,2019-10-15 15:02:16,2019-10-15,15,2
BHAINF,258.2,259.25,258.25,260.3,255.45,259.25,2019-10-15 15:02:16,2019-10-15,15,2
CIPLA,446,440.85,444,447.1,436,440.85,2019-10-15 15:02:16,2019-10-15,15,2
TATMOT,126.95,127.8,127.5,128.95,123.75,127.8,2019-10-15 15:02:16,2019-10-15,15,2
ZEEENT,249.75,242.55,237.95,253.35,234.85,242.55,2019-10-15 15:02:16,2019-10-15,15,2
YESBAN,40.2,40,41,41.4,39,40,2019-10-15 15:02:16,2019-10-15,15,2
BSESEN,38506.09,38506.09,38316.49,38635.19,38238.27,38214.47,2019-10-15 15:33:42,2019-10-15,15,33
HDFBAN,1222.9,1203.15,1210,1225,1207.3,1203.15,2019-10-15 15:33:42,2019-10-15,15,33
RELPET,131.5,130.85,129,132.4,127.9,130.85,2019-10-15 15:33:42,2019-10-15,15,33
HDFC,2013.2,2011.5,2013,2030.05,1994.85,2011.5,2019-10-15 15:33:42,2019-10-15,15,33
INFTEC,767.8,785.65,773.8,774.75,765,785.65,2019-10-15 15:33:42,2019-10-15,15,33
ICIBAN,431.7,428.6,430,435.3,428,428.6,2019-10-15 15:33:42,2019-10-15,15,33
ITC,247.5,244.2,247.4,249.2,245.1,244.2,2019-10-15 15:33:42,2019-10-15,15,33
TCS,2037.4,2020.95,2028.8,2046.9,2024.2,2020.95,2019-10-15 15:33:42,2019-10-15,15,33
KOTMAH,1614.8,1583.75,1586,1629.65,1577.8,1583.75,2019-10-15 15:33:42,2019-10-15,15,33
LARTOU,1433.15,1422.65,1427,1445.1,1421,1422.65,2019-10-15 15:33:42,2019-10-15,15,33
HINLEV,2063.35,2014.7,2052,2077,2026.75,2014.7,2019-10-15 15:33:42,2019-10-15,15,33
AXIBAN,690,683.55,683.65,694.9,681.8,683.55,2019-10-15 15:33:42,2019-10-15,15,33
STABAN,258.4,255.45,256.8,259.9,254.75,255.45,2019-10-15 15:33:42,2019-10-15,15,33
BAJFI,3880.3,3881.65,3909,3916.75,3845,3881.65,2019-10-15 15:33:42,2019-10-15,15,33
MARUTI,6987.7,6819.55,6829,7015.35,6810,6819.55,2019-10-15 15:33:42,2019-10-15,15,33
INDBA,1272.05,1250.5,1251.55,1276.25,1237,1250.5,2019-10-15 15:33:42,2019-10-15,15,33
ASIPAI,1802.5,1797.65,1797,1824.15,1797,1797.65,2019-10-15 15:33:42,2019-10-15,15,33
BHAAIR,383.55,393.5,391.95,391.95,381.65,393.5,2019-10-15 15:33:42,2019-10-15,15,33
HCLTEC,1084.1,1087.05,1088.6,1099,1081.05,1087.05,2019-10-15 15:33:42,2019-10-15,15,33
TITIND,1272.2,1249.05,1251,1274.5,1251,1249.05,2019-10-15 15:33:42,2019-10-15,15,33
MAHMAH,584.6,568.5,570,593.15,565.5,568.5,2019-10-15 15:33:42,2019-10-15,15,33
BAFINS,8035.1,8073.45,8108.95,8131.45,8012.9,8073.45,2019-10-15 15:33:42,2019-10-15,15,33
NTPC,119.45,117.8,117.7,119.8,117.35,117.8,2019-10-15 15:33:42,2019-10-15,15,33
NESIND,14080.65,14174.1,14175,14198,13711.6,14174.1,2019-10-15 15:33:42,2019-10-15,15,33
POWGRI,201.35,198.45,198.8,201.95,198.45,198.45,2019-10-15 15:33:42,2019-10-15,15,33
ULTCEM,4206.05,4171.9,4121.35,4219.25,4121.35,4171.9,2019-10-15 15:33:42,2019-10-15,15,33
TECMAH,720.1,720.6,721,728,719.1,720.6,2019-10-15 15:33:42,2019-10-15,15,33
SUNPHA,396.6,394.6,397.25,400,392.5,394.6,2019-10-15 15:33:42,2019-10-15,15,33
ONGC,138.75,135.2,136.6,139.4,135.4,135.2,2019-10-15 15:33:42,2019-10-15,15,33
BAAUTO,3009.45,2956.05,2959,3029,2956.5,2956.05,2019-10-15 15:33:42,2019-10-15,15,33
BHARAS,6041.45,5767.35,5773.85,6100,5773.85,5767.35,2019-10-15 15:33:42,2019-10-15,15,33
INDOIL,146.35,144.8,145.95,148.3,145.2,144.8,2019-10-15 15:33:42,2019-10-15,15,33
COALIN,191.3,190.1,188.3,192.6,188.1,190.1,2019-10-15 15:33:42,2019-10-15,15,33
WIPRO,243.7,243.35,244,245.5,239.2,243.35,2019-10-15 15:33:42,2019-10-15,15,33
HERHON,2676,2609.25,2616.85,2699.5,2615,2609.25,2019-10-15 15:33:42,2019-10-15,15,33
BRIIND,3180.5,3107.2,3139.9,3192.75,3115.45,3107.2,2019-10-15 15:33:42,2019-10-15,15,33
UNIP,583.45,586.95,585.3,590.95,580.2,586.95,2019-10-15 15:33:42,2019-10-15,15,33
DRREDD,2683.2,2648.9,2663.1,2695.8,2659.8,2648.9,2019-10-15 15:33:42,2019-10-15,15,33
ADAPOR,413.9,406.95,409.5,414.4,407.6,406.95,2019-10-15 15:33:42,2019-10-15,15,33
GRASIM,703.9,698.65,699,705.9,691.95,698.65,2019-10-15 15:33:42,2019-10-15,15,33
VEDLIM,153.45,147.85,147.5,155.8,144.6,147.85,2019-10-15 15:33:42,2019-10-15,15,33
HINDAL,192.5,188.8,188,195.35,186,188.8,2019-10-15 15:33:42,2019-10-15,15,33
TATSTE,349.1,344.85,345.5,358.25,338.8,344.85,2019-10-15 15:33:42,2019-10-15,15,33
EICMOT,19200.2,18311.25,18370,19288,18270,18311.25,2019-10-15 15:33:42,2019-10-15,15,33
GAIL,128,125.85,126.5,129.05,125.6,125.85,2019-10-15 15:33:42,2019-10-15,15,33
JSWSTE,219.5,221.5,221.05,226.9,214.5,221.5,2019-10-15 15:33:42,2019-10-15,15,33
BHAINF,256.85,259.25,258.25,260.3,255.45,259.25,2019-10-15 15:33:42,2019-10-15,15,33
CIPLA,446.85,440.85,444,448.7,436,440.85,2019-10-15 15:33:42,2019-10-15,15,33
TATMOT,126.95,127.8,127.5,128.95,123.75,127.8,2019-10-15 15:33:42,2019-10-15,15,33
ZEEENT,250.8,242.55,237.95,253.35,234.85,242.55,2019-10-15 15:33:42,2019-10-15,15,33
YESBAN,40.6,40,41,41.4,39,40,2019-10-15 15:33:42,2019-10-15,15,33
